Question Number,Section,Question Text,Type,Correct Answer,Feedback Correct,Feedback Incorrect
1,中文填充,他________地來到這塊麥田邊，想揀到最大的一棵麥穗。,Short answer,慕名,✅ 正確！,"❌ 錯誤！正確答案是：慕名"
2,中文填充,看到顆粒飽滿的麥穗，有人想摘又________，總覺得後面還有更大的。,Short answer,不忿,✅ 正確！,"❌ 錯誤！正確答案是：不忿"
3,中文填充,蘇格拉底________地對學生說：「人生就是一次無法重複的選擇。」,Short answer,語重心長,✅ 正確！,"❌ 錯誤！正確答案是：語重心長"
4,中文填充,陽光灑在麥田上，看起來________一片，非常美麗。,Short answer,金燦燦,✅ 正確！,"❌ 錯誤！正確答案是：金燦燦"
5,中文填充,如果________了這個機會，以後可能就再也沒有第二次了。,Short answer,錯過,✅ 正確！,"❌ 錯誤！正確答案是：錯過"
6,中文填充,經過反覆思考，他才________明白到把握眼前最重要。,Short answer,恍然大悟,✅ 正確！,"❌ 錯誤！正確答案是：恍然大悟"
7,中文填充,這是我們________一次嘗試嘅機會，一定要好好珍惜。,Short answer,唯一,✅ 正確！,"❌ 錯誤！正確答案是：唯一"
8,中文填充,每棵麥穗都________的，看起來非常飽滿。,Short answer,沉甸甸,✅ 正確！,"❌ 錯誤！正確答案是：沉甸甸"
9,中文填充,雖然前面還有更遠嘅目標，但他知道這裡就是旅程嘅________。,Short answer,盡頭,✅ 正確！,"❌ 錯誤！正確答案是：盡頭"
10,中文填充,只要遵守學校的________，每個人都能安全通過走廊。,Short answer,規矩,✅ 正確！,"❌ 錯誤！正確答案是：規矩"
11,中文語法,"「他因為热爱閱讀，所以每天都會去圖書館借書。」連接詞是？",Short answer,"因為...所以",✅ 正確！,"❌ 錯誤！正確答案是：因為...所以"
12,中文語法,"「她不僅會彈鋼琴，而且還擅長畫畫。」連接詞是？",Short answer,"不僅...而且",✅ 正確！,"❌ 錯誤！正確答案是：不僅...而且"
13,中文語法,"「即使下雨，我們也會按时到校上課。」連接詞是？",Short answer,"即使...也",✅ 正確！,"❌ 錯誤！正確答案是：即使...也"
14,中文語法,"「她的笑容像陽光照進我的心裡。」修辭手法？",Short answer,"明喻/比喻",✅ 正確！,"❌ 錯誤！正確答案是：明喻/比喻"
15,中文語法,"「時間是流水，一去不再回。」修辭手法？",Short answer,"暗喻/比喻",✅ 正確！,"❌ 錯誤！正確答案是：暗喻/比喻"
16,英文語法,I want to help the homeless. I prepare meals for them sometimes. (用 so 結合),Short answer,"I want to help the homeless, so I prepare meals for them sometimes.",✅ 正確！,"❌ 錯誤！正確答案是：I want to help the homeless, so I prepare meals for them sometimes."
17,英文語法,She wants to raise money. She plans to go on a walkathon. (用 so 結合),Short answer,"She wants to raise money, so she plans to go on a walkathon.",✅ 正確！,"❌ 錯誤！正確答案是：She wants to raise money, so she plans to go on a walkathon."
18,英文語法,He cares about the environment. He gives away old books to recycle. (用 so 結合),Short answer,"He cares about the environment, so he gives away old books to recycle.",✅ 正確！,"❌ 錯誤！正確答案是：He cares about the environment, so he gives away old books to recycle."
19,英文語法,The SPCA is an animal charity. It protects and saves animals. (用 which 結合),Short answer,"The SPCA is an animal charity which protects and saves animals.",✅ 正確！,"❌ 錯誤！正確答案是：The SPCA is an animal charity which protects and saves animals."
20,英文語法,Anna is a volunteer. She helps elderly people in need. (用 who 結合),Short answer,"Anna is a volunteer who helps elderly people in need.",✅ 正確！,"❌ 錯誤！正確答案是：Anna is a volunteer who helps elderly people in need."
21,英文語法,The Doggy Inn is a special hotel. It lets guests take dogs for walks. (用 which 結合),Short answer,"The Doggy Inn is a special hotel which lets guests take dogs for walks.",✅ 正確！,"❌ 錯誤！正確答案是：The Doggy Inn is a special hotel which lets guests take dogs for walks."
22,常識生物分類,蛙、蠑螈屬於哪一類？,Short answer,兩棲類,✅ 正確！,"❌ 錯誤！正確答案是：兩棲類"
23,常識生物分類,蛇、海龜屬於哪一類？,Short answer,爬行類,✅ 正確！,"❌ 錯誤！正確答案是：爬行類"
24,常識生物分類,蝙蝠、海豚屬於哪一類？,Short answer,哺乳類,✅ 正確！,"❌ 錯誤！正確答案是：哺乳類"
25,常識生物分類,蜜蜂屬於哪一類（無脊椎動物）？,Short answer,昆蟲類,✅ 正確！,"❌ 錯誤！正確答案是：昆蟲類"
26,常識生物分類,苔蘚類和蕨類以什麼繁殖？,Short answer,孢子,✅ 正確！,"❌ 錯誤！正確答案是：孢子"
27,常識生物分類,有花植物與無花植物的主要分別是什麼？,Short answer,"有花植物會開花結果；無花植物永不開花",✅ 正確！,"❌ 錯誤！正確答案是：有花植物會開花結果；無花植物永不開花"
